,frames,valid share,leftover force (BW),"leftover moment, horizontal (N·m/kg)","leftover moment, vertical (N·m/kg)",p95 ankle moment,p95 knee moment,p95 hip moment,p95 lower back moment,p95 shoulder moment,p95 elbow moment
balletsmalljump,7343.0,0.67,0.09,0.231,0.048,0.998,1.238,0.642,0.862,0.164,0.089
chair,15027.0,0.973,0.027,0.129,0.029,0.657,0.876,1.011,1.456,0.138,0.055
dog,10131.0,0.168,0.082,0.349,0.057,2.213,2.096,1.328,1.701,0.142,0.07
hopping,7253.0,0.743,0.09,0.216,0.05,1.384,1.534,1.384,1.197,0.204,0.128
lambadadance,11608.0,0.762,0.112,0.286,0.067,1.046,1.53,0.734,1.056,0.191,0.141
sidestretch,14834.0,0.81,0.063,0.239,0.071,1.099,1.269,1.848,1.46,0.114,0.085
soccerkick,2579.0,0.541,0.103,0.368,0.065,1.242,1.583,1.168,0.923,0.19,0.099
squat,7666.0,0.945,0.05,0.15,0.033,0.472,0.896,1.092,1.479,0.157,0.076
taichi,7770.0,0.964,0.042,0.205,0.034,1.057,1.345,1.033,0.929,0.133,0.07
tennisgroundstroke,1810.0,0.934,0.058,0.283,0.05,0.737,1.046,0.644,0.868,0.181,0.133
tennisserve,2261.0,0.887,0.069,0.292,0.051,0.947,1.139,0.869,1.009,0.185,0.118
tree,15346.0,0.98,0.022,0.1,0.013,0.804,0.613,0.627,0.405,0.087,0.042
treearms,15876.0,0.987,0.02,0.123,0.013,0.76,0.558,0.593,0.323,0.141,0.05
walk,933.0,0.39,0.166,1.279,0.07,1.203,1.649,2.552,0.455,0.098,0.057
worrier1,13774.0,0.943,0.027,0.225,0.031,0.74,1.11,1.448,0.766,0.101,0.05
worrier2,12023.0,0.971,0.023,0.209,0.029,0.692,0.95,1.387,0.537,0.142,0.05
idling,12243.0,0.965,0.04,0.142,0.019,0.531,0.584,0.504,0.341,0.092,0.055
jumpingjack,5692.0,0.45,0.104,0.274,0.051,1.26,1.522,0.65,0.653,0.328,0.2
idling_00,961.0,0.968,0.045,0.135,0.024,0.36,0.552,0.325,0.351,0.116,0.063
walk_00,208.0,0.702,0.138,0.56,0.095,1.09,1.412,1.354,0.642,0.143,0.078
