subject,method,"vertical force per foot, RMSE (BW)","3D force per foot, RMSE (BW)","total vertical force, RMSE (BW)"
s001,"physics rule, measured contact (upper bound)",0.07479549944400787,0.1315739005804062,0.04771975055336952
s001,"physics rule, contact from motion",0.1259239763021469,0.16606156527996063,0.04811028018593788
s001,"network, direct (no physics)",0.12939490377902985,0.13669784367084503,0.09656792134046555
s001,hybrid: physics total + learned split,0.1132688894867897,0.12390308827161789,0.04793185368180275
s001,hybrid + physics quantities as input,0.10921111702919006,0.11886787414550781,0.04793185368180275
s002,"physics rule, measured contact (upper bound)",0.07239018380641937,0.09242508560419083,0.038855355232954025
s002,"physics rule, contact from motion",0.07418513298034668,0.09382317215204239,0.03868712857365608
s002,"network, direct (no physics)",0.056704360991716385,0.06406941264867783,0.055579107254743576
s002,hybrid: physics total + learned split,0.04330149665474892,0.05763722583651543,0.039374712854623795
s002,hybrid + physics quantities as input,0.04353902116417885,0.056066934019327164,0.039374709129333496
s003,"physics rule, measured contact (upper bound)",0.08346676826477051,0.11260811239480972,0.04696807637810707
s003,"physics rule, contact from motion",0.08889804035425186,0.11661778390407562,0.04735953360795975
s003,"network, direct (no physics)",0.05705035850405693,0.06373368948698044,0.05592894181609154
s003,hybrid: physics total + learned split,0.05200010538101196,0.06687545031309128,0.048656199127435684
s003,hybrid + physics quantities as input,0.051047392189502716,0.06424150615930557,0.048656199127435684
s004,"physics rule, measured contact (upper bound)",0.07628396153450012,0.10100813955068588,0.05096646025776863
s004,"physics rule, contact from motion",0.07784070819616318,0.10215243697166443,0.050885263830423355
s004,"network, direct (no physics)",0.05595100671052933,0.06544115394353867,0.05656342953443527
s004,hybrid: physics total + learned split,0.045880433171987534,0.06610819697380066,0.051018137484788895
s004,hybrid + physics quantities as input,0.0441584475338459,0.061608895659446716,0.051018137484788895
s005,"physics rule, measured contact (upper bound)",0.057371437549591064,0.08542566001415253,0.040822386741638184
s005,"physics rule, contact from motion",0.06097181886434555,0.08788486570119858,0.04044823348522186
s005,"network, direct (no physics)",0.07813052088022232,0.08455666899681091,0.06212830916047096
s005,hybrid: physics total + learned split,0.055591143667697906,0.06619291007518768,0.040893420577049255
s005,hybrid + physics quantities as input,0.047122497111558914,0.05898762494325638,0.040893420577049255
s006,"physics rule, measured contact (upper bound)",0.0955171063542366,0.12441468983888626,0.046880874782800674
s006,"physics rule, contact from motion",0.10736821591854095,0.1336277574300766,0.04712099954485893
s006,"network, direct (no physics)",0.07089249789714813,0.07685068994760513,0.06521184742450714
s006,hybrid: physics total + learned split,0.06064393371343613,0.07739315927028656,0.04759456217288971
s006,hybrid + physics quantities as input,0.054779697209596634,0.0698799267411232,0.04759456217288971
s007,"physics rule, measured contact (upper bound)",0.09452961385250092,0.1222924068570137,0.04021746665239334
s007,"physics rule, contact from motion",0.0954589694738388,0.1230066642165184,0.04035113379359245
s007,"network, direct (no physics)",0.05311644449830055,0.05924639478325844,0.055613983422517776
s007,hybrid: physics total + learned split,0.04372146353125572,0.061034779995679855,0.04225800186395645
s007,hybrid + physics quantities as input,0.043642476201057434,0.05861302837729454,0.04225800186395645
